{
  "grid_x_ratio": 0.591015625,
  "grid_y_ratio": 0.4125,
  "cell_w_ratio": 0.0171875,
  "cell_h_ratio": 0.02847222222222222,
  "use_title": true,
  "offset_x_ratio": -0.206640625,
  "offset_y_ratio": 0.2902777777777778,
  "skip_cells": [],
  "empty_hsv_lower": [
    100,
    30,
    5
  ],
  "empty_hsv_upper": [
    140,
    120,
    60
  ],
  "empty_ratio": 0.5
}