{
  "grid_x_ratio": 0.216796875,
  "grid_y_ratio": 0.2326388888888889,
  "grid_w_ratio": 0.19140625,
  "grid_h_ratio": 0.2826388888888889
}