{
  "grid_x_ratio": 0.218359375,
  "grid_y_ratio": 0.23402777777777778,
  "grid_w_ratio": 0.1890625,
  "grid_h_ratio": 0.30075
}