{
  "grid_x_ratio": 0.746875,
  "grid_y_ratio": 0.5462962962962963,
  "cell_w_ratio": 0.020442708333333334,
  "cell_h_ratio": 0.04870370370370371,
  "calibrated_v2": true,
  "use_title": false,
  "offset_x_ratio": 0.0,
  "offset_y_ratio": 0.0,
  "skip_cells": [
    [
      0,
      1
    ],
    [
      4,
      0
    ],
    [
      2,
      1
    ],
    [
      0,
      0
    ],
    [
      3,
      1
    ],
    [
      1,
      1
    ],
    [
      2,
      0
    ],
    [
      3,
      0
    ],
    [
      1,
      0
    ],
    [
      4,
      1
    ]
  ],
  "empty_hsv_lower": [
    0,
    0,
    0
  ],
  "empty_hsv_upper": [
    22,
    171,
    115
  ],
  "empty_ratio": 0.5
}