{
  "grid_x_ratio": 0.24609375,
  "grid_y_ratio": 0.25,
  "grid_w_ratio": 0.244921875,
  "grid_h_ratio": 0.48333333333333334
}